<?xml version="1.0" encoding="UTF-8" standalone="no"?><beast beautitemplate='Standard' beautistatus='' namespace="beast.core:beast.evolution.alignment:beast.evolution.tree.coalescent:beast.core.util:beast.evolution.nuc:beast.evolution.operators:beast.evolution.sitemodel:beast.evolution.substitutionmodel:beast.base.evolution.alignment:beast.pkgmgmt:beast.base.core:beast.base.inference:beast.base.evolution.tree.coalescent:beast.pkgmgmt:beast.base.core:beast.base.inference.util:beast.evolution.nuc:beast.base.evolution.operator:beast.base.inference.operator:beast.base.evolution.sitemodel:beast.base.evolution.substitutionmodel:beast.base.evolution.likelihood" required="BEAST.base v2.7.6:MM v1.2.1" version="2.7">
        

    <data
id="SMTN_AllCharacters_NoMidNeo"
spec="Alignment"
dataType="standard">
                                    
        <sequence id="seq_Meso_Site1_NS_6945" spec="Sequence" taxon="Meso_Site1_NS_6945" totalcount="2" value="010000010111110000000000000010000001100111100001000010000000000000000000000010101"/>
                                    
        <sequence id="seq_Neo_Site2_NS_5723" spec="Sequence" taxon="Neo_Site2_NS_5723" totalcount="2" value="111110010110110000000000110010000000010000101000000100000110010000001010100010001"/>
                                    
        <sequence id="seq_Neo_Site3_NF_5475" spec="Sequence" taxon="Neo_Site3_NF_5475" totalcount="2" value="111111010111110000000000000011010010010000100000001100001111110010001000010010001"/>
                                    
        <sequence id="seq_Meso_Site4_NF_6217" spec="Sequence" taxon="Meso_Site4_NF_6217" totalcount="2" value="010010110111100000000000000010000011000111100100001010010000000000000001000010001"/>
                                    
        <sequence id="seq_Neo_Site5_NF_5805" spec="Sequence" taxon="Neo_Site5_NF_5805" totalcount="2" value="111110110111110000000000000011000000010000100000000000010000010000001000000010001"/>
                                    
        <sequence id="seq_Neo_Site6_SF_5733" spec="Sequence" taxon="Neo_Site6_SF_5733" totalcount="2" value="111010110111110000000000000010000010010000100000000100000000000000001001000010001"/>
                                    
        <sequence id="seq_Neo_Site7_SF_5425" spec="Sequence" taxon="Neo_Site7_SF_5425" totalcount="2" value="010100110011100000000000000011010000010000000000000100000000000000000000000010001"/>
                                    
        <sequence id="seq_Neo_Site8_SF_5991" spec="Sequence" taxon="Neo_Site8_SF_5991" totalcount="2" value="010000000111110000000000000010100001101111000000000000000000000000000000000010001"/>
                                    
        <sequence id="seq_Neo_Site9_NH_5581" spec="Sequence" taxon="Neo_Site9_NH_5581" totalcount="2" value="111001000111000000000000000011000010010000000000000100000000010000000000000000001"/>
                                    
        <sequence id="seq_Neo_Site10_NH_5828" spec="Sequence" taxon="Neo_Site10_NH_5828" totalcount="2" value="111111110111100000000000110011011010010000100000001100001011010011000100000010001"/>
                                    
        <sequence id="seq_Neo_Site11_NH_5599" spec="Sequence" taxon="Neo_Site11_NH_5599" totalcount="2" value="111111110111110000000000110111000010010000100000001110011110111011111000000110001"/>
                                    
        <sequence id="seq_Neo_Site12_MH_5848" spec="Sequence" taxon="Neo_Site12_MH_5848" totalcount="2" value="111001010011100000000000000011000000010000100000000100001010010000001000000000001"/>
                                    
        <sequence id="seq_Neo_Site13_MH_5993" spec="Sequence" taxon="Neo_Site13_MH_5993" totalcount="2" value="010010010111010000000000000010100011001111100000001000000000000000000000000010001"/>
                                    
        <sequence id="seq_Neo_Site14_MH_5446" spec="Sequence" taxon="Neo_Site14_MH_5446" totalcount="2" value="101010010111110000000000000011000010010000110000001100000000000000001000010010001"/>
                                    
        <sequence id="seq_Neo_Site16_MH_5590" spec="Sequence" taxon="Neo_Site16_MH_5590" totalcount="2" value="111011100111110000000000000011001010010000100000001100001010000100001000000010001"/>
                                    
        <sequence id="seq_Neo_Site17_SH_5839" spec="Sequence" taxon="Neo_Site17_SH_5839" totalcount="2" value="100010010111010000000000100011000010010000000000101100000000000000000000100000001"/>
                                    
        <sequence id="seq_Neo_Site18_SH_5583" spec="Sequence" taxon="Neo_Site18_SH_5583" totalcount="2" value="100010010011110000000000000111000010010000100010001100000000000000000000100010001"/>
                                    
        <sequence id="seq_Neo_Site19_SH_5318" spec="Sequence" taxon="Neo_Site19_SH_5318" totalcount="2" value="100010010111010000000000000011100010010000100010001100000000000000000000000000001"/>
                                    
        <sequence id="seq_Meso_Site20_SME_8376" spec="Sequence" taxon="Meso_Site20_SME_8376" totalcount="2" value="000000100110110001000010101110000011001111000000011000000000000000000000000000001"/>
                                    
        <sequence id="seq_Meso_Site21_SME_7259" spec="Sequence" taxon="Meso_Site21_SME_7259" totalcount="2" value="000000100111110000000000111010010011001111000000011000000000000000000000000010001"/>
                                    
        <sequence id="seq_Meso_Site22_SME_7266" spec="Sequence" taxon="Meso_Site22_SME_7266" totalcount="2" value="000000100111110000001110000010000001000111000000010000000000000000000000000010001"/>
                                    
        <sequence id="seq_Meso_Site23_SME_7985" spec="Sequence" taxon="Meso_Site23_SME_7985" totalcount="2" value="000000100111100000000010001010010011001111000000001000000000000000000000001010001"/>
                                    
        <sequence id="seq_Meso_Site24_NF_7272" spec="Sequence" taxon="Meso_Site24_NF_7272" totalcount="2" value="010010000111111000000000000110001011001111000000010000000000000000000000000010101"/>
                                    
        <sequence id="seq_Meso_Site25_NF_6946" spec="Sequence" taxon="Meso_Site25_NF_6946" totalcount="2" value="010000000110101000000000000110101011001111000000011000000000000000000000000010101"/>
                                    
        <sequence id="seq_Meso_Site26_NF_6685" spec="Sequence" taxon="Meso_Site26_NF_6685" totalcount="2" value="010000100111101001000000110010100011000111000000010000000000000000000000000010001"/>
                                    
        <sequence id="seq_Neo_Site27_NF_5914" spec="Sequence" taxon="Neo_Site27_NF_5914" totalcount="2" value="111100000111101000000000000010000000010000000000010000000010000000000000000000001"/>
                                    
        <sequence id="seq_Meso_Site28_NF_8411" spec="Sequence" taxon="Meso_Site28_NF_8411" totalcount="2" value="010000100111100001010000000010000011001111000000000000000000000000000000000010001"/>
                                    
        <sequence id="seq_Meso_Site29_SF_8330" spec="Sequence" taxon="Meso_Site29_SF_8330" totalcount="2" value="010000100111100001010010101010010011001111000000001000000000000000000000000010001"/>
                                    
        <sequence id="seq_Meso_Site30_SF_7577" spec="Sequence" taxon="Meso_Site30_SF_7577" totalcount="2" value="010000100111110000000110111110010011001111000000000000000000000000000000001010001"/>
                                    
        <sequence id="seq_Meso_Site31_SF_6585" spec="Sequence" taxon="Meso_Site31_SF_6585" totalcount="2" value="011000100111111001010100001110111001001111000000011000000000000000000000001010101"/>
                                    
        <sequence id="seq_Meso_Site32_NH_7976" spec="Sequence" taxon="Meso_Site32_NH_7976" totalcount="2" value="011000000111001000000010000010000011001111000000000000000000000000000000000000101"/>
                                    
        <sequence id="seq_Meso_Site33_NH_7780" spec="Sequence" taxon="Meso_Site33_NH_7780" totalcount="2" value="010010001111101001000110101010010011001111000000001000000000000000000000000010101"/>
                                    
        <sequence id="seq_Meso_Site34_NH_6310" spec="Sequence" taxon="Meso_Site34_NH_6310" totalcount="2" value="010010000111111001000010100010000011001111000000001010000000000000000000000000001"/>
                                    
        <sequence id="seq_Meso_Site35_NH_7044" spec="Sequence" taxon="Meso_Site35_NH_7044" totalcount="2" value="010010100111001000000010001010010011001111000000000000000000000000000000000000101"/>
                                    
        <sequence id="seq_Meso_Site36_NH_7159" spec="Sequence" taxon="Meso_Site36_NH_7159" totalcount="2" value="010010100111011000000010000010000011001011000000000000000000000000000000000000101"/>
                                    
        <sequence id="seq_Meso_Site37_NH_6494" spec="Sequence" taxon="Meso_Site37_NH_6494" totalcount="2" value="010000100111111011000110001010110011001111000000001000000000000000000000001000101"/>
                                    
        <sequence id="seq_Meso_Site38_NH_6595" spec="Sequence" taxon="Meso_Site38_NH_6595" totalcount="2" value="010000000111101000001000000110010011001111000000000000000000000000000000001010101"/>
                                    
        <sequence id="seq_Meso_Site39_NH_7515" spec="Sequence" taxon="Meso_Site39_NH_7515" totalcount="2" value="000010001111001001000010000010000011001111000000001000000000000000000000000000101"/>
                                    
        <sequence id="seq_Meso_Site40_NH_6672" spec="Sequence" taxon="Meso_Site40_NH_6672" totalcount="2" value="010000000111011000000000111110011011001111000000000000000000000000000000000000101"/>
                                    
        <sequence id="seq_Meso_Site41_SH_6775" spec="Sequence" taxon="Meso_Site41_SH_6775" totalcount="2" value="010000001111010001010010101010010011001111000000001000000000000000000000000000001"/>
                                    
        <sequence id="seq_Meso_Site42_SGN_6945" spec="Sequence" taxon="Meso_Site42_SGN_6945" totalcount="2" value="010010101111111001011110100010000011001111000000001000000000000000000000001011101"/>
                                    
        <sequence id="seq_Meso_Site43_RGL_8382" spec="Sequence" taxon="Meso_Site43_RGL_8382" totalcount="2" value="000010000111100101000001000010000111001111000000001000100000000000000000001000001"/>
                                    
        <sequence id="seq_Meso_Site44_RGL_7550" spec="Sequence" taxon="Meso_Site44_RGL_7550" totalcount="2" value="000010000101110101100011100000010011001011000000001000000000000000000000001010001"/>
                                    
        <sequence id="seq_Meso_Site45_RGL_7935" spec="Sequence" taxon="Meso_Site45_RGL_7935" totalcount="2" value="000010100111100001010011110010100011001010000000010000000000000000000000001011001"/>
                                    
        <sequence id="seq_Meso_Site46_RGL_6668" spec="Sequence" taxon="Meso_Site46_RGL_6668" totalcount="2" value="000010000111011101010001100000110001001010000000010000000000000000000000000010101"/>
                                    
        <sequence id="seq_Meso_Site47_RGL_9000" spec="Sequence" taxon="Meso_Site47_RGL_9000" totalcount="2" value="000010000100110000110010100000011011001010000000001000000000000000000000000010001"/>
                                    
        <sequence id="seq_Neo_Site48_SRGL_5576" spec="Sequence" taxon="Neo_Site48_SRGL_5576" totalcount="2" value="100000000111010000000000111011000000010000000000001101000000000000000000000000001"/>
                                    
        <sequence id="seq_Neo_Site49_SRGL_5848" spec="Sequence" taxon="Neo_Site49_SRGL_5848" totalcount="2" value="000000000000000000000000000001000000010000000000001111000000000000000000000000001"/>
                                    
        <sequence id="seq_Neo_Site50_SRGL_5471" spec="Sequence" taxon="Neo_Site50_SRGL_5471" totalcount="2" value="000000000001010000000000111111000010010000000000001100000000000000000000000000001"/>
                                    
        <userDataType id="StandardData.0" spec="beast.base.evolution.datatype.StandardData" ambiguities="" nrOfStates="2"/>
                                
    </data>
        





    





    



    <map name="Uniform" >beast.base.inference.distribution.Uniform</map>

    

    <map name="Exponential" >beast.base.inference.distribution.Exponential</map>

    

    <map name="LogNormal" >beast.base.inference.distribution.LogNormalDistributionModel</map>

    

    <map name="Normal" >beast.base.inference.distribution.Normal</map>

    

    <map name="Beta" >beast.base.inference.distribution.Beta</map>

    

    <map name="Gamma" >beast.base.inference.distribution.Gamma</map>

    

    <map name="LaplaceDistribution" >beast.base.inference.distribution.LaplaceDistribution</map>

    

    <map name="prior" >beast.base.inference.distribution.Prior</map>

    

    <map name="InverseGamma" >beast.base.inference.distribution.InverseGamma</map>

    

    <map name="OneOnX" >beast.base.inference.distribution.OneOnX</map>

    

    <run id="mcmc" spec="MCMC" chainLength="50000000">
            
        <state id="state" spec="State" storeEvery="5000">
                    
            <tree id="Tree.t:SMTN_AllCharacters_NoMidNeo" spec="beast.base.evolution.tree.Tree" name="stateNode">
                            
                <trait id="dateTrait.t:SMTN_AllCharacters_NoMidNeo" spec="beast.base.evolution.tree.TraitSet" traitname="date-backward" value="Meso_Site1_NS_6945=6945,Neo_Site2_NS_5723=5723,Neo_Site3_NF_5475=5475,Meso_Site4_NF_6217=6217,Neo_Site5_NF_5805=5805,Neo_Site6_SF_5733=5733,Neo_Site7_SF_5425=5425,Neo_Site8_SF_5991=5991,Neo_Site9_NH_5581=5581,Neo_Site10_NH_5828=5828,Neo_Site11_NH_5599=5599,Neo_Site12_MH_5848=5848,Neo_Site13_MH_5993=5993,Neo_Site14_MH_5446=5446,Neo_Site16_MH_5590=5590,Neo_Site17_SH_5839=5839,Neo_Site18_SH_5583=5583,Neo_Site19_SH_5318=5318,Meso_Site20_SME_8376=8376,Meso_Site21_SME_7259=7259,Meso_Site22_SME_7266=7266,Meso_Site23_SME_7985=7985,Meso_Site24_NF_7272=7272,Meso_Site25_NF_6946=6946,Meso_Site26_NF_6685=6685,Neo_Site27_NF_5914=5914,Meso_Site28_NF_8411=8411,Meso_Site29_SF_8330=8330,Meso_Site30_SF_7577=7577,Meso_Site31_SF_6585=6585,Meso_Site32_NH_7976=7976,Meso_Site33_NH_7780=7780,Meso_Site34_NH_6310=6310,Meso_Site35_NH_7044=7044,Meso_Site36_NH_7159=7159,Meso_Site37_NH_6494=6494,Meso_Site38_NH_6595=6595,Meso_Site39_NH_7515=7515,Meso_Site40_NH_6672=6672,Meso_Site41_SH_6775=6775,Meso_Site42_SGN_6945=6945,Meso_Site43_RGL_8382=8382,Meso_Site44_RGL_7550=7550,Meso_Site45_RGL_7935=7935,Meso_Site46_RGL_6668=6668,Meso_Site47_RGL_9000=9000,Neo_Site48_SRGL_5576=5576,Neo_Site49_SRGL_5848=5848,Neo_Site50_SRGL_5471=5471">
                                    
                    <taxa id="TaxonSet.SMTN_AllCharacters_NoMidNeo2" spec="TaxonSet">
                                            
                        <alignment id="SMTN_AllCharacters_NoMidNeo2" spec="FilteredAlignment" ascertained="true" excludefrom="79" excludeto="81" filter="1-79,80-81">
                                                    
                            <data idref="SMTN_AllCharacters_NoMidNeo"/>
                                                    
                            <userDataType id="morphDataType.SMTN_AllCharacters_NoMidNeo2" spec="beast.base.evolution.datatype.StandardData" ambiguities="" nrOfStates="2"/>
                                                
                        </alignment>
                                        
                    </taxa>
                                
                </trait>
                            
                <taxonset idref="TaxonSet.SMTN_AllCharacters_NoMidNeo2"/>
                        
            </tree>
                    
            <parameter id="mutationRate.s:SMTN_AllCharacters_NoMidNeo2" spec="parameter.RealParameter" name="stateNode">1.0</parameter>
                    
            <parameter id="clockRate.c:SMTN_AllCharacters_NoMidNeo" spec="parameter.RealParameter" name="stateNode">1.0</parameter>
                    
            <parameter id="bPopSizes.t:SMTN_AllCharacters_NoMidNeo" spec="parameter.RealParameter" dimension="5" lower="0.0" name="stateNode">380.0</parameter>
                    
            <stateNode id="bGroupSizes.t:SMTN_AllCharacters_NoMidNeo" spec="parameter.IntegerParameter" dimension="5">1</stateNode>
                
        </state>
            
        <init id="RandomTree.t:SMTN_AllCharacters_NoMidNeo" spec="RandomTree" estimate="false" initial="@Tree.t:SMTN_AllCharacters_NoMidNeo" taxa="@SMTN_AllCharacters_NoMidNeo2">
                    
            <populationModel id="ConstantPopulation0.t:SMTN_AllCharacters_NoMidNeo" spec="ConstantPopulation">
                            
                <parameter id="randomPopSize.t:SMTN_AllCharacters_NoMidNeo" spec="parameter.RealParameter" name="popSize">1.0</parameter>
                        
            </populationModel>
                
        </init>
            
        <distribution id="posterior" spec="CompoundDistribution">
                    
            <distribution id="prior" spec="CompoundDistribution">
                            
                <distribution id="BayesianSkyline.t:SMTN_AllCharacters_NoMidNeo" spec="BayesianSkyline" groupSizes="@bGroupSizes.t:SMTN_AllCharacters_NoMidNeo" popSizes="@bPopSizes.t:SMTN_AllCharacters_NoMidNeo">
                                    
                    <treeIntervals id="BSPTreeIntervals.t:SMTN_AllCharacters_NoMidNeo" spec="beast.base.evolution.tree.TreeIntervals" tree="@Tree.t:SMTN_AllCharacters_NoMidNeo"/>
                                
                </distribution>
                            
                <distribution id="MarkovChainedPopSizes.t:SMTN_AllCharacters_NoMidNeo" spec="distribution.MarkovChainDistribution" jeffreys="true" parameter="@bPopSizes.t:SMTN_AllCharacters_NoMidNeo"/>
                            
                <prior id="ClockPrior.c:SMTN_AllCharacters_NoMidNeo" name="distribution" x="@clockRate.c:SMTN_AllCharacters_NoMidNeo">
                                    
                    <Uniform id="Uniform.0" name="distr" upper="Infinity"/>
                                
                </prior>
                            
                <distribution id="Meso.prior" spec="beast.base.evolution.tree.MRCAPrior" tree="@Tree.t:SMTN_AllCharacters_NoMidNeo">
                                    
                    <taxonset id="Meso" spec="TaxonSet">
                                            
                        <taxon id="Meso_Site1_NS_6945" spec="Taxon"/>
                                            
                        <taxon id="Meso_Site20_SME_8376" spec="Taxon"/>
                                            
                        <taxon id="Meso_Site21_SME_7259" spec="Taxon"/>
                                            
                        <taxon id="Meso_Site22_SME_7266" spec="Taxon"/>
                                            
                        <taxon id="Meso_Site23_SME_7985" spec="Taxon"/>
                                            
                        <taxon id="Meso_Site24_NF_7272" spec="Taxon"/>
                                            
                        <taxon id="Meso_Site25_NF_6946" spec="Taxon"/>
                                            
                        <taxon id="Meso_Site26_NF_6685" spec="Taxon"/>
                                            
                        <taxon id="Meso_Site28_NF_8411" spec="Taxon"/>
                                            
                        <taxon id="Meso_Site29_SF_8330" spec="Taxon"/>
                                            
                        <taxon id="Meso_Site30_SF_7577" spec="Taxon"/>
                                            
                        <taxon id="Meso_Site31_SF_6585" spec="Taxon"/>
                                            
                        <taxon id="Meso_Site32_NH_7976" spec="Taxon"/>
                                            
                        <taxon id="Meso_Site33_NH_7780" spec="Taxon"/>
                                            
                        <taxon id="Meso_Site34_NH_6310" spec="Taxon"/>
                                            
                        <taxon id="Meso_Site35_NH_7044" spec="Taxon"/>
                                            
                        <taxon id="Meso_Site36_NH_7159" spec="Taxon"/>
                                            
                        <taxon id="Meso_Site37_NH_6494" spec="Taxon"/>
                                            
                        <taxon id="Meso_Site38_NH_6595" spec="Taxon"/>
                                            
                        <taxon id="Meso_Site39_NH_7515" spec="Taxon"/>
                                            
                        <taxon id="Meso_Site40_NH_6672" spec="Taxon"/>
                                            
                        <taxon id="Meso_Site41_SH_6775" spec="Taxon"/>
                                            
                        <taxon id="Meso_Site42_SGN_6945" spec="Taxon"/>
                                            
                        <taxon id="Meso_Site43_RGL_8382" spec="Taxon"/>
                                            
                        <taxon id="Meso_Site44_RGL_7550" spec="Taxon"/>
                                            
                        <taxon id="Meso_Site45_RGL_7935" spec="Taxon"/>
                                            
                        <taxon id="Meso_Site46_RGL_6668" spec="Taxon"/>
                                            
                        <taxon id="Meso_Site47_RGL_9000" spec="Taxon"/>
                                            
                        <taxon id="Meso_Site4_NF_6217" spec="Taxon"/>
                                        
                    </taxonset>
                                    
                    <Normal id="Normal.0" name="distr">
                                            
                        <parameter id="RealParameter.2" spec="parameter.RealParameter" estimate="false" name="mean">7.5</parameter>
                                            
                        <parameter id="RealParameter.3" spec="parameter.RealParameter" estimate="false" name="sigma">1.5</parameter>
                                        
                    </Normal>
                                
                </distribution>
                            
                <distribution id="Neo.prior" spec="beast.base.evolution.tree.MRCAPrior" tree="@Tree.t:SMTN_AllCharacters_NoMidNeo">
                                    
                    <taxonset id="Neo" spec="TaxonSet">
                                            
                        <taxon id="Neo_Site10_NH_5828" spec="Taxon"/>
                                            
                        <taxon id="Neo_Site11_NH_5599" spec="Taxon"/>
                                            
                        <taxon id="Neo_Site12_MH_5848" spec="Taxon"/>
                                            
                        <taxon id="Neo_Site13_MH_5993" spec="Taxon"/>
                                            
                        <taxon id="Neo_Site14_MH_5446" spec="Taxon"/>
                                            
                        <taxon id="Neo_Site16_MH_5590" spec="Taxon"/>
                                            
                        <taxon id="Neo_Site17_SH_5839" spec="Taxon"/>
                                            
                        <taxon id="Neo_Site18_SH_5583" spec="Taxon"/>
                                            
                        <taxon id="Neo_Site19_SH_5318" spec="Taxon"/>
                                            
                        <taxon id="Neo_Site27_NF_5914" spec="Taxon"/>
                                            
                        <taxon id="Neo_Site2_NS_5723" spec="Taxon"/>
                                            
                        <taxon id="Neo_Site3_NF_5475" spec="Taxon"/>
                                            
                        <taxon id="Neo_Site48_SRGL_5576" spec="Taxon"/>
                                            
                        <taxon id="Neo_Site49_SRGL_5848" spec="Taxon"/>
                                            
                        <taxon id="Neo_Site50_SRGL_5471" spec="Taxon"/>
                                            
                        <taxon id="Neo_Site5_NF_5805" spec="Taxon"/>
                                            
                        <taxon id="Neo_Site6_SF_5733" spec="Taxon"/>
                                            
                        <taxon id="Neo_Site7_SF_5425" spec="Taxon"/>
                                            
                        <taxon id="Neo_Site8_SF_5991" spec="Taxon"/>
                                            
                        <taxon id="Neo_Site9_NH_5581" spec="Taxon"/>
                                        
                    </taxonset>
                                    
                    <Normal id="Normal.1" name="distr">
                                            
                        <parameter id="RealParameter.4" spec="parameter.RealParameter" estimate="false" name="mean">6.5</parameter>
                                            
                        <parameter id="RealParameter.5" spec="parameter.RealParameter" estimate="false" name="sigma">1.5</parameter>
                                        
                    </Normal>
                                
                </distribution>
                        
            </distribution>
                    
            <distribution id="likelihood" spec="CompoundDistribution" useThreads="true">
                            
                <distribution id="morphTreeLikelihood.SMTN_AllCharacters_NoMidNeo2" spec="TreeLikelihood" data="@SMTN_AllCharacters_NoMidNeo2" tree="@Tree.t:SMTN_AllCharacters_NoMidNeo">
                                    
                    <siteModel id="SiteModel.s:SMTN_AllCharacters_NoMidNeo2" spec="SiteModel" gammaCategoryCount="1" mutationRate="@mutationRate.s:SMTN_AllCharacters_NoMidNeo2">
                                            
                        <parameter id="gammaShape.s:SMTN_AllCharacters_NoMidNeo2" spec="parameter.RealParameter" estimate="false" name="shape">1.0</parameter>
                                            
                        <substModel id="LewisMK.s:SMTN_AllCharacters_NoMidNeo2" spec="morphmodels.evolution.substitutionmodel.LewisMK" datatype="@morphDataType.SMTN_AllCharacters_NoMidNeo2"/>
                                        
                    </siteModel>
                                    
                    <branchRateModel id="StrictClock.c:SMTN_AllCharacters_NoMidNeo" spec="beast.base.evolution.branchratemodel.StrictClockModel" clock.rate="@clockRate.c:SMTN_AllCharacters_NoMidNeo"/>
                                
                </distribution>
                        
            </distribution>
                
        </distribution>
            
        <operator id="StrictClockRateScaler.c:SMTN_AllCharacters_NoMidNeo" spec="ScaleOperator" parameter="@clockRate.c:SMTN_AllCharacters_NoMidNeo" weight="3.0"/>
            
        <operator id="strictClockUpDownOperator.c:SMTN_AllCharacters_NoMidNeo" spec="operator.UpDownOperator" scaleFactor="0.75" weight="3.0">
                    
            <up idref="clockRate.c:SMTN_AllCharacters_NoMidNeo"/>
                    
            <down idref="Tree.t:SMTN_AllCharacters_NoMidNeo"/>
                
        </operator>
            
        <operator id="FixMeanMutationRatesOperator" spec="operator.kernel.BactrianDeltaExchangeOperator" delta="0.75" weight="2.0">
                    
            <parameter idref="mutationRate.s:SMTN_AllCharacters_NoMidNeo2"/>
                    
            <weightvector id="weightparameter" spec="parameter.IntegerParameter" estimate="false" lower="0" upper="0">79</weightvector>
                
        </operator>
            
        <operator id="BayesianSkylineBICEPSEpochTop.t:SMTN_AllCharacters_NoMidNeo" spec="EpochFlexOperator" scaleFactor="0.1" tree="@Tree.t:SMTN_AllCharacters_NoMidNeo" weight="2.0"/>
            
        <operator id="BayesianSkylineBICEPSEpochAll.t:SMTN_AllCharacters_NoMidNeo" spec="EpochFlexOperator" fromOldestTipOnly="false" scaleFactor="0.1" tree="@Tree.t:SMTN_AllCharacters_NoMidNeo" weight="2.0"/>
            
        <operator id="BayesianSkylineBICEPSTreeFlex.t:SMTN_AllCharacters_NoMidNeo" spec="TreeStretchOperator" scaleFactor="0.01" tree="@Tree.t:SMTN_AllCharacters_NoMidNeo" weight="2.0"/>
            
        <operator id="BayesianSkylineTreeRootScaler.t:SMTN_AllCharacters_NoMidNeo" spec="kernel.BactrianScaleOperator" rootOnly="true" scaleFactor="0.1" tree="@Tree.t:SMTN_AllCharacters_NoMidNeo" upper="10.0" weight="3.0"/>
            
        <operator id="BayesianSkylineUniformOperator.t:SMTN_AllCharacters_NoMidNeo" spec="kernel.BactrianNodeOperator" tree="@Tree.t:SMTN_AllCharacters_NoMidNeo" weight="30.0"/>
            
        <operator id="BayesianSkylineSubtreeSlide.t:SMTN_AllCharacters_NoMidNeo" spec="kernel.BactrianSubtreeSlide" tree="@Tree.t:SMTN_AllCharacters_NoMidNeo" weight="15.0"/>
            
        <operator id="BayesianSkylineNarrow.t:SMTN_AllCharacters_NoMidNeo" spec="Exchange" tree="@Tree.t:SMTN_AllCharacters_NoMidNeo" weight="15.0"/>
            
        <operator id="BayesianSkylineWide.t:SMTN_AllCharacters_NoMidNeo" spec="Exchange" isNarrow="false" tree="@Tree.t:SMTN_AllCharacters_NoMidNeo" weight="3.0"/>
            
        <operator id="BayesianSkylineWilsonBalding.t:SMTN_AllCharacters_NoMidNeo" spec="WilsonBalding" tree="@Tree.t:SMTN_AllCharacters_NoMidNeo" weight="3.0"/>
            
        <operator id="popSizesScaler.t:SMTN_AllCharacters_NoMidNeo" spec="kernel.BactrianScaleOperator" parameter="@bPopSizes.t:SMTN_AllCharacters_NoMidNeo" upper="10.0" weight="15.0"/>
            
        <operator id="groupSizesDelta.t:SMTN_AllCharacters_NoMidNeo" spec="operator.kernel.BactrianDeltaExchangeOperator" integer="true" weight="6.0">
                    
            <intparameter idref="bGroupSizes.t:SMTN_AllCharacters_NoMidNeo"/>
                
        </operator>
            
        <logger id="tracelog" spec="Logger" fileName="$(filebase).log" logEvery="1000" model="@posterior" sanitiseHeaders="true" sort="smart">
                    
            <log idref="posterior"/>
                    
            <log idref="likelihood"/>
                    
            <log idref="prior"/>
                    
            <log id="TreeHeight.t:SMTN_AllCharacters_NoMidNeo" spec="beast.base.evolution.tree.TreeHeightLogger" tree="@Tree.t:SMTN_AllCharacters_NoMidNeo"/>
                    
            <log idref="mutationRate.s:SMTN_AllCharacters_NoMidNeo2"/>
                    
            <log idref="morphTreeLikelihood.SMTN_AllCharacters_NoMidNeo2"/>
                    
            <log idref="clockRate.c:SMTN_AllCharacters_NoMidNeo"/>
                    
            <log idref="BayesianSkyline.t:SMTN_AllCharacters_NoMidNeo"/>
                    
            <log idref="bPopSizes.t:SMTN_AllCharacters_NoMidNeo"/>
                    
            <log idref="bGroupSizes.t:SMTN_AllCharacters_NoMidNeo"/>
                    
            <log idref="Meso.prior"/>
                    
            <log idref="Neo.prior"/>
                
        </logger>
            
        <logger id="screenlog" spec="Logger" logEvery="1000">
                    
            <log idref="posterior"/>
                    
            <log idref="likelihood"/>
                    
            <log idref="prior"/>
                
        </logger>
            
        <logger id="treelog.t:SMTN_AllCharacters_NoMidNeo" spec="Logger" fileName="$(tree).trees" logEvery="1000" mode="tree">
                    
            <log id="TreeWithMetaDataLogger.t:SMTN_AllCharacters_NoMidNeo" spec="beast.base.evolution.TreeWithMetaDataLogger" tree="@Tree.t:SMTN_AllCharacters_NoMidNeo"/>
                
        </logger>
            
        <operatorschedule id="OperatorSchedule" spec="OperatorSchedule"/>
        
    </run>

    

</beast>
